USE `active_v1`;
--
-- Dumping data for table `facility`
--

LOCK TABLES `facility` WRITE;
INSERT INTO `facility` (`ID`, `KEYY`, `TITLE`, `URL`, `ADDRESS`, `PHONE`, `EMAIL`, `LNG`, `LAT`)
VALUES 
(1,'bellcentennial','Bell Centennial Arena','https://ottawa.ca/en/recreation-and-parks/recreation-facilities/facility-listing/bell-centennial-arena','50 Cassidy Road Ottawa ON K2H 6N4 Canada','613-828-9629','sports@ottawa.ca',-75.8109910000,45.3246790000),
(2,'bobmacquarrie','Bob MacQuarrie Recreation Complex','https://ottawa.ca/en/recreation-and-parks/recreation-facilities/facility-listing/bob-macquarrie-recreation-complex-orleans','1490 Youville Drive Ottawa ON K1C 2X8 Canada','613-580-9600','bmrco@ottawa.ca',-75.5452580000,45.4664070000),
(3,'brewer','Brewer Pool and Arena','https://ottawa.ca/en/recreation-and-parks/recreation-facilities/facility-listing/brewer-pool-and-arena','100 Brewer Way Ottawa ON K1S 5T1 Canada','613-580-2090','brewer@ottawa.ca',-75.6905330000,45.3892810000),
(4,'canterbury','Canterbury Recreation Complex','https://ottawa.ca/en/recreation-and-parks/recreation-facilities/facility-listing/canterbury-recreation-complex','2185 Arch Street Ottawa ON K1G 2H5 Canada','613-247-4869','sports@ottawa.ca',-75.6302300000,45.3910200000),
(5,'cardelrec','Cardelrec Recreation Complex','https://ottawa.ca/en/recreation-and-parks/recreation-facilities/facility-listing/cardelrec-recreation-complex-goulbourn','1500 Shea Road Ottawa ON K2S 0B2 Canada','613-580-2532','crcg@ottawa.ca',-75.9078880000,45.2630020000),
(6,'champagne','Champagne Fitness Centre','https://ottawa.ca/en/recreation-and-parks/recreation-facilities/facility-listing/champagne-fitness-centre','321 King Edward Avenue Ottawa ON K1N 7M5 Canada','613-244-4402','champagne@ottawa.ca',-75.6865990000,45.4307250000),
(7,'deborahannekirwan','Deborah Anne Kirwan Pool','https://ottawa.ca/en/recreation-and-parks/recreation-facilities/facility-listing/deborah-anne-kirwan-pool','1300 Kitchener Avenue Ottawa ON K1V 6W2 Canada','613-247-4820','dak@ottawa.ca',-75.6570370000,45.3676750000),
(8,'earlarmstrong','Earl Armstrong Arena','https://ottawa.ca/en/recreation-and-parks/recreation-facilities/facility-listing/earl-armstrong-arena','2020 Ogilvie Road Ottawa ON K1J 7N8 Canada','613-580-2666','sports@ottawa.ca',-75.6016130000,45.4375490000),
(9,'evajames','Eva James Memorial Community Centre','https://ottawa.ca/en/recreation-and-parks/recreation-facilities/facility-listing/eva-james-memorial-community-centre','65 Stonehaven Drive Ottawa ON K2M 2Y2 Canada','613-580-2442','evajames@ottawa.ca',-75.8579650000,45.2906180000),
(10,'francoisdupuis','François Dupuis Recreation Centre','https://ottawa.ca/en/recreation-and-parks/recreation-facilities/facility-listing/francois-dupuis-recreation-centre','2263 Portobello Boulevard Ottawa ON K4A 0X3 Canada','613-580-8080','fdrc@ottawa.ca',-75.4620400000,45.4496500000),
(11,'fredbarrett','Fred Barrett Arena','https://ottawa.ca/en/recreation-and-parks/recreation-facilities/facility-listing/fred-barrett-arena','3280 Leitrim Road Ottawa ON K1T 3Z4 Canada','613-580-2666','rideauview@ottawa.ca',-75.5980780000,45.3311620000),
(12,'greenboro','Greenboro Community Centre','https://ottawa.ca/en/recreation-and-parks/recreation-facilities/facility-listing/greenboro-community-centre','363 Lorry Greenberg Drive Ottawa ON K1T 3P8 Canada','613-580-2805','ccgreenborocc@ottawa.ca',-75.6351560000,45.3630690000),
(13,'hintonburg','Hintonburg Community Centre','https://ottawa.ca/en/recreation-and-parks/recreation-facilities/facility-listing/hintonburg-community-centre','1064 Wellington Street West Ottawa ON K1Y 2Y3 Canada','613-798-8874','hintonburg@ottawa.ca',-75.7242860000,45.4035710000),
(14,'howarddarwin','Howard Darwin Centennial Arena','https://ottawa.ca/en/recreation-and-parks/recreation-facilities/facility-listing/howard-darwin-centennial-arena','1765 Merivale Road Ottawa ON K2G 1E1 Canada','613-224-3168','sports@ottawa.ca',-75.7265800000,45.3419690000),
(15,'huntclub','Hunt Club-Riverside Park Community Centre','https://ottawa.ca/en/recreation-and-parks/recreation-facilities/facility-listing/hunt-club-riverside-park-community-centre','3320 Paul Anka Drive Ottawa ON K1V 0J9 Canada','613-580-2990','hcrcc@ottawa.ca',-75.6728700000,45.3519540000),
(16,'jadulude','J.A. Dulude Arena','https://ottawa.ca/en/recreation-and-parks/recreation-facilities/facility-listing/ja-dulude-arena','941 Clyde Avenue Ottawa ON K2C 4B2 Canada','613-798-8979','sports@ottawa.ca',-75.7465320000,45.3745420000),
(17,'jackpurcell','Jack Purcell Community Centre','https://ottawa.ca/en/recreation-and-parks/recreation-facilities/facility-listing/jack-purcell-community-centre','320 Jack Purcell Lane Ottawa ON K2P 2J5 Canada','613-564-1050','jpcc@ottawa.ca',-75.6895660000,45.4157060000),
(18,'johngmlacak','John G Mlacak Community Centre','https://ottawa.ca/en/recreation-and-parks/recreation-facilities/facility-listing/john-g-mlacak-community-centre','2500 Campeau Drive Ottawa ON K2K 2W3 Canada','613-580-2980','sports@ottawa.ca',-75.8954860000,45.3217510000),
(19,'kanataleisurecentre','Kanata Leisure Centre and Wave Pool','https://ottawa.ca/en/recreation-and-parks/recreation-facilities/facility-listing/kanata-leisure-centre-and-wave-pool','70 Aird Place Ottawa ON K2L 4C9 Canada','613-580-9677','klc@ottawa.ca',-75.8991940000,45.3114250000),
(20,'kanatarecreationcomplex','Kanata Recreation Complex','https://ottawa.ca/en/recreation-and-parks/recreation-facilities/facility-listing/kanata-recreation-complex','100 Charlie Rogers Place Ottawa ON K2V 1A2 Canada','613-580-2570','krc@ottawa.ca',-75.9017640000,45.2942620000),
(21,'lansdowne','Lansdowne Park','https://ottawa.ca/en/recreation-and-parks/recreation-facilities/facility-listing/lansdowne-park','1525 Princess Patricia Ottawa ON K1S 5J3 Canada','613-580-2429','sports@ottawa.ca',-75.6823840000,45.4008330000),
(22,'larryrobinson','Metcalfe Community Centre and Larry Robinson Arena','https://ottawa.ca/en/recreation-and-parks/recreation-facilities/facility-listing/larry-robinson-arena','2785 8th Line Ottawa ON K0A 2P0 Canada','613-580-2424','osgooderideaurecreation@ottawa.ca',-75.4688320000,45.2297880000),
(23,'loiskemp','Lois Kemp Arena','https://ottawa.ca/en/recreation-and-parks/recreation-facilities/facility-listing/lois-kemp-arena-blackburn','200 Glen Park Drive Ottawa ON K1B 5A3 Canada','613-824-5197','eastendfacilities@ottawa.ca',-75.5631810000,45.4303720000),
(24,'lowertown','Lowertown Pool','https://ottawa.ca/en/recreation-and-parks/recreation-facilities/facility-listing/lowertown-pool','40 Cobourg Street Ottawa ON K1N 8Z6 Canada','613-580-2092','lowertown@ottawa.ca',-75.6815040000,45.4342760000),
(25,'manotick','Manotick Community Centre','https://ottawa.ca/en/recreation-and-parks/recreation-facilities/facility-listing/manotick-community-centre','5572 Doctor Leach Drive Ottawa ON K4M 1L7 Canada','613-580-2424','osgooderideaurecreation@ottawa.ca',-75.6864760000,45.2219710000),
(26,'mcnabb','McNabb Community Centre','https://ottawa.ca/en/recreation-and-parks/recreation-facilities/facility-listing/mcnabb-community-centre','180 Percy Street Ottawa ON K1R 6E5 Canada','613-564-1070','mcnabb@ottawa.ca',-75.7017830000,45.4092490000),
(27,'mintobarrhaven','Minto Recreation Complex','https://ottawa.ca/en/recreation-and-parks/recreation-facilities/facility-listing/minto-recreation-complex-barrhaven','3500 Cambrian Road Ottawa ON K2J 0V1 Canada','613-727-2683','mrcb@ottawa.ca',-75.7344090000,45.2531150000),
(28,'navan','Navan Memorial Centre','https://ottawa.ca/en/recreation-and-parks/recreation-facilities/facility-listing/navan-memorial-centre','1295 Colonial Road Ottawa ON K4B 1N1 Canada','613-580-2666','eastendfacilities@ottawa.ca',-75.4213400000,45.4210900000),
(29,'nepeansportsplex','Nepean Sportsplex','https://ottawa.ca/en/recreation-and-parks/recreation-facilities/facility-listing/nepean-sportsplex','1701 Woodroffe Avenue Ottawa ON K2G 1W2 Canada','613-580-2828','nepeansportsplex@ottawa.ca',-75.7458290000,45.3266100000),
(30,'pinecrest','Pinecrest Recreation Complex','https://ottawa.ca/en/recreation-and-parks/recreation-facilities/facility-listing/pinecrest-recreation-complex','2250 Torquay Avenue Ottawa ON K2C 1J3 Canada','613-580-9676','pinecrest@ottawa.ca',-75.7734180000,45.3478760000),
(31,'plant','Plant Recreation Centre','https://ottawa.ca/en/recreation-and-parks/recreation-facilities/facility-listing/plant-recreation-centre','930 Somerset Street West Ottawa ON K1R 6R9 Canada','613-232-3000','plant@ottawa.ca',-75.7145910000,45.4077750000),
(32,'rjkennedy','R.J. Kennedy Arena','https://ottawa.ca/en/recreation-and-parks/recreation-facilities/facility-listing/rj-kennedy-arena','1115 Dunning Road Ottawa ON K4C 1P6 Canada','613-824-0633','eastendfacilities@ottawa.ca',-75.4035150000,45.5146480000),
(33,'rayfriel','Ray Friel Recreation Complex','https://ottawa.ca/en/recreation-and-parks/recreation-facilities/facility-listing/ray-friel-recreation-complex','1585 Tenth Line Road Ottawa ON K1E 3E8 Canada','613-580-4765','sports@ottawa.ca',-75.4921760000,45.4716280000),
(34,'richcraftkanata','Richcraft Recreation Complex','https://ottawa.ca/en/recreation-and-parks/recreation-facilities/facility-listing/richcraft-recreation-complex-kanata','4101 Innovation Drive Ottawa ON K2K 0J3 Canada','613-580-9696','rrck@ottawa.ca',-75.9305090000,45.3404150000),
(35,'richmond','Richmond Arena','https://ottawa.ca/en/recreation-and-parks/recreation-facilities/facility-listing/richmond-arena','6095 Perth Street Ottawa ON K0A 2Z0 Canada','613-580-2666','ruralwest@ottawa.ca',-75.8377860000,45.1956780000),
(36,'rideauview','Rideauview Community Centre','https://ottawa.ca/en/recreation-and-parks/recreation-facilities/facility-listing/rideauview-community-centre','4310 Shoreline Drive Ottawa ON K1V 1N4 Canada','613-822-7887','rideauview@ottawa.ca',-75.6874690000,45.2773930000),
(37,'sandyhillarena','Sandy Hill Arena','https://ottawa.ca/en/recreation-and-parks/recreation-facilities/facility-listing/sandy-hill-arena','60 Mann Avenue Ottawa ON K1N 6Y5 Canada','613-580-2666','sandyhill@ottawa.ca',-75.6740530000,45.4195330000),
(38,'sandyhillcc','Sandy Hill Community Centre','https://ottawa.ca/en/recreation-and-parks/recreation-facilities/facility-listing/sandy-hill-community-centre','250 Somerset Street East Ottawa ON K1N 6V6 Canada','613-564-1062','sandyhill@ottawa.ca',-75.6776960000,45.4227740000),
(39,'sawmillcreek','Sawmill Creek Community Centre and Pool','https://ottawa.ca/en/recreation-and-parks/recreation-facilities/facility-listing/sawmill-creek-community-centre-and-pool','3380 D\'Aoust Avenue Ottawa ON K1T 1R5 Canada','613-521-4092','sawmill@ottawa.ca',-75.6355960000,45.3505810000),
(40,'splash','Splash Wave Pool','https://ottawa.ca/en/recreation-and-parks/recreation-facilities/facility-listing/splash-wave-pool','2040 Ogilvie Road Ottawa ON K1J 7N8 Canada','613-748-4222','infosplash@ottawa.ca',-75.6002930000,45.4376600000),
(41,'stlaurent','St-Laurent Complex','https://ottawa.ca/en/recreation-and-parks/recreation-facilities/facility-listing/st-laurent-complex','525 Côté Street Ottawa ON K1K 0Z8 Canada','613-742-6767','stlaurentcomplex@ottawa.ca',-75.6471590000,45.4364730000),
(42,'stuartholmes','Osgoode Community Centre and Stuart Holmes Arena','https://ottawa.ca/en/recreation-and-parks/recreation-facilities/facility-listing/stuart-holmes-arena','5660 Osgoode Main Street Ottawa ON K0A 2W0 Canada','613-580-2424','osgooderideaurecreation@ottawa.ca',-75.6017830000,45.1474790000),
(43,'tombrown','Tom Brown Arena','https://ottawa.ca/en/recreation-and-parks/recreation-facilities/facility-listing/tom-brown-arena','141 Bayview Road Ottawa ON K1Y 4M3 Canada','613-580-2666','publicskating@ottawa.ca',-75.7226680000,45.4080660000),
(44,'werskinejohnston','W. Erskine Johnston Arena','https://ottawa.ca/en/recreation-and-parks/recreation-facilities/facility-listing/w-erskine-johnston-arena','3832 Carp Road Ottawa ON K0A 1L0 Canada','613-839-3000','sports@ottawa.ca',-76.0388030000,45.3490710000),
(45,'walterbaker','Walter Baker Sports Centre','https://ottawa.ca/en/recreation-and-parks/recreation-facilities/facility-listing/walter-baker-sports-centre','100 Malvern Drive Ottawa ON K2J 2G5 Canada','613-580-2788','wbsc@ottawa.ca',-75.7614100000,45.2804350000),
(46,'patclark', 'Pat Clark Community Centre', 'https://ottawa.ca/en/recreation-and-parks/recreation-facilities/facility-listing/pat-clark-community-centre', '4355 Halmont Drive Ottawa ON K1J 8W6 Canada', '613-748-1771','patclark@ottawa.ca', -75.619733, 45.428839),
(47,'jackcharron', 'Jack Charron Arena', 'https://ottawa.ca/en/recreation-and-parks/recreation-facilities/facility-listing/jack-charron-arena', '10 McKitrick Drive Ottawa ON K2L 1T7 Canada', '613-580-2424', 'sports@ottawa.ca', -75.883951, 45.293582),
(48,'richelieu', 'Richelieu Vanier Community Centre', 'https://ottawa.ca/en/recreation-and-parks/recreation-facilities/facility-listing/richelieu-vanier-community-centre', '300 Des Pères-Blancs Avenue Ottawa ON K1L 7L5 Canada', '613-560-6030', 'richelieu-vanier@ottawa.ca', -75.660535, 45.444374),
(49,'southfallingbrook', 'South Fallingbrook Community Centre', 'https://ottawa.ca/en/recreation-and-parks/recreation-facilities/facility-listing/south-fallingbrook-community-centre', '998 Valin Street Ottawa ON K4A 4B5 Canada', '613-824-0633', 'sfcc-ccfs@ottawa.ca', -75.461705, 45.470951),
(50,'jimtubman', 'Jim Tubman Chevrolet Rink', 'https://ottawa.ca/en/recreation-and-parks/recreation-facilities/facility-listing/jim-tubman-chevrolet-rink', '2185 Arch Street Ottawa ON K1G 2H5 Canada','613-580-3600','jtcrink@ottawa.ca', -75.630230 ,45.391020),
(51, 'overbrook', 'Overbrook Community Centre', 'https://ottawa.ca/en/recreation-and-parks/recreation-facilities/facility-listing/overbrook-community-centre','33 Quill St Ottawa ON K1K 1S3 Canada', '613-742-5147', 'overbrook@ottawa.ca', -75.656808, 45.425531);
UNLOCK TABLES;

--
-- Dumping data for table `facility_reservation`
--

LOCK TABLES `facility_reservation` WRITE;
INSERT INTO `facility_reservation` (`ID`, `FACILITY_ID`)
VALUES
('arenabobmacquarrie',2),
('arenacanterburyrc',4),
('arenacardelrec',5),
('arenafredbarrett',11),
('arenahowarddarwin',14),
('ArenaJadulude',16),
('arenajohngmlacak',18),
('arenakanata',20),
('arenalarryrobinson',22),
('arenamanotick',25),
('arenamcnabb',26),
('arenaminto',27),
('arenanavan',28),
('arenanepean',29),
('arenapinecrestrc',30),
('arenarichmond',35),
('arenarjkennedy',32),
('arenastuartholmes',42),
('arenatombrown',43),
('arenawalterbaker',45),
('arenawerskine',44),
('bellcentennial',1),
('bobmacquarrie',2),
('brewerarena',3),
('brewerpool',3),
('canterbury',4),
('cardelrec',5),
('champagneFC',6),
('deborahannekirwan',7),
('earlarmstrongarena',8),
('evajamescc',9),
('francoisdupuis',10),
('greenborocommunitycentre',12),
('hintonburgcc',13),
('huntclubCC',15),
('jpcc',17),
('kanataleisurecentre',19),
('lansdowne',21),
('loiskemp',23),
('lowertown',24),
('mintobarrhaven',27),
('nepeansportsplex',29),
('pinecrest',30),
('plant',31),
('rayfriel',33),
('rayfrielrec',33),
('richcraftkanata',34),
('rideauviewcc',36),
('sandyhillarena',37),
('sandyhillcc',38),
('sawmillcreek',39),
('slc',41),
('splash',40),
('stlaurentarena',41),
('walterbaker',45),
('patclarkcc',46),
('arenajackcharron',47),
('richelieuvanier',48),
('southfallingbrook',49),
('jimtubmanrink',50),
('overbrookcc',51);
UNLOCK TABLES;

--
-- Dumping data for table `category`
--

LOCK TABLES `category` WRITE;
INSERT INTO `category` (`ID`, `KEYY`, `TITLE`)
VALUES 
(1,'swimming','Swimming'),
(2,'fitness','Fitness'),
(3,'sports','Sports'),
(4,'skating','Skating');
UNLOCK TABLES;

--
-- Dumping data for table `type`
--

LOCK TABLES `type` WRITE;
INSERT INTO `type` (`ID`, `KEYY`, `TITLE`, `CATEGORY_ID`)
VALUES
(1,'laneswim','Lane Swim',1),
(2,'publicswim','Public Swim',1),
(3,'waveswim','Wave Swim',1),
(4,'preschoolswim','Preschool Swim',1),
(5,'womensonlyswim','Women\'s Only Swim',1),
(6,'fiftyplusswim','50+ Swim',1),
(7,'alternateswim','Alternate Swim',1),
(8,'aqua','Aquafitness',1),
(9,'weightandcardioroom','Weight and Cardio',2),
(10,'cardio','Cardio',2),
(11,'yoga','Yoga',2),
(12,'zumba','Zumba',2),
(13,'gym','Gym',2),
(14,'strength','Strength',2),
(15,'pilates','Pilates',2),
(16,'conditioning','Conditioning',2),
(17,'badminton','Badminton',3),
(18,'basketball','Basketball',3),
(19,'curling','Curling',3),
(20,'hockey','Hockey',3),
(21,'pickleball','Pickleball',3),
(22,'rockwalls','Rockwall',3),
(23,'shinny','Shinny',3),
(24,'squash','Squash',3),
(25,'soccer','Soccer',3),
(26,'volleyball','Volleyball',3),
(27,'racquetball','Racquetball',3),
(28,'tabletennis','Table Tennis',3),
(29,'dodgeball','Dodgeball',3),
(30,'figureskating','Figure Skating',4),
(31,'fiftyplusskating','50+ Skating',4),
(32,'adultskating','Adult Skating',4),
(33,'familyskating','Family Skating',4),
(34,'publicskating','Public Skating',4),
(35,'speedskating','Speed Skating',4),
(36,'indoorskateboarding','Indoor Skateboarding',4),
(37,'tmc','TMC',2),
(38,'indoorcycling','Indoor Cycling',2),
(39,'hiit','HIIT',2),
(40,'bootcamp','Bootcamp',2),
(41,'trx','TRX',2),
(42,'dance','Dance',2),
(43,'partyhardy','Party Hardy',2),
(44,'thegroovemethod','The Groove Method',2),
(45,'drumsalive','Drums Alive',2),
(46,'walkingclub','Walking Club',2),
(47,'rollerskating','Rollerskating',4),
(48,'nordicwalking','Nordic Walking',2),
(49,'rinngette', 'Ringette',3);
UNLOCK TABLES;

--
-- Dumping data for table `activity`
--

LOCK TABLES `activity` WRITE;
INSERT INTO `activity` (`ID`, `TITLE`, `TYPE_ID`)
VALUES
(1,'Lane Swim',1),
(2,'Lane Swim - 25m Pool',1),
(3,'Lane Swim - Reduced Capacity',1),
(4,'Lane Swim - Half Pool',1),
(5,'Lane Swim - Long Course',1),
(6,'Lane Swim - Shared Pool',1),
(7,'Lane Swim - Short Course',1),
(8,'Public Swim',2),
(9,'Public Swim - 25 Metre Pool Only',2),
(10,'Public Swim - 25m Pool Shallow',2),
(11,'Public Swim - 50m Deep End',2),
(12,'Public Swim - Therapeutic Pool',2),
(13,'Public Swim - Leisure Pool only',2),
(14,'Public Swim - Reduced Capacity',2),
(15,'Public Swim - With Slide',2),
(16,'Public Swim - Therapeutic Pool Only',2),
(17,'Wave Swim',3),
(18,'Preschool Swim',4),
(19,'Preschool Swim - 25m pool shallow',4),
(20,'Women\'s Only - Family Swim',5),
(21,'Women\'s Only Swim',5),
(22,'50+ Swim',6),
(23,'50+ Vitality',6),
(24,'Alternate Needs Swim',7),
(25,'Wellness - Aqua Therapy',8),
(26,'Wellness - Chronic Pain',8),
(27,'Aqua General (Therapeutic Pool Only)',8),
(28,'Aqua General - Deep',8),
(29,'Aqua General Deep',8),
(30,'Aqua General - Shallow',8),
(31,'Aqua General Lite (Therapeutic Pool Only)',8),
(32,'Aqua General Shallow',8),
(33,'Aquafit General - Deep',8),
(34,'Aquafit - General Deep',8),
(35,'Aquafit General - Shallow',8),
(36,'Aquafit - General Shallow',8),
(37,'Aquafit General - Combo',8),
(38,'Aquafit General',8),
(39,'Aquafit General Shallow/Deep Combo',8),
(40,'Aquafit - Combo',8),
(41,'Aqua Lite',8),
(42,'Aqua Lite Main Pool',8),
(43,'Aqualite - 25m Pool',8),
(44,'Weight and Cardio Room',9),
(45,'20-20-20',10),
(46,'20/20/20',10),
(47,'Cardio',10),
(48,'Cardio 50+',10),
(49,'Cardio and Strength 50+',10),
(50,'Cardio and Strength',10),
(51,'Cardio and Weight Room',10),
(52,'Cardio and Weight Room - 60 minutes',10),
(53,'Indoor Cycling',38),
(54,'Nordic Walking',48),
(55,'HIIT',39),
(56,'Dance',42),
(57,'Bootcamp',40),
(58,'TMC',37),
(59,'TMC 50+',37),
(60,'TRX',41),
(61,'Party Hardy',43),
(62,'The Groove Method®',44),
(63,'Drums Alive',45),
(64,'Walking Club',46),
(65,'Yoga',11),
(66,'Yoga - Yin',11),
(67,'Yoga 50+',11),
(68,'Yoga/Pilates',11),
(69,'Zumba',12),
(70,'Zumba Gold',12),
(71,'Zumba Gold 50+',12),
(72,'Zumba® Gold',12),
(73,'Zumba - Toning',12),
(74,'Open Gym',13),
(75,'Open Gym - Family',13),
(76,'Open Gym - Child',13),
(77,'Open Gym - Youth',13),
(78,'Open Gym - Adult',13),
(79,'Kindergym',13),
(80,'Strength',14),
(81,'Strength 50+',14),
(82,'Strength and Balance 50+',14),
(83,'Stretch and Strength',14),
(84,'Step and Strength',14),
(85,'Strength and Balance - Older Adult',14),
(86,'Pilates',15),
(87,'Pilates 50+',15),
(88,'Core Conditioning',16),
(89,'Sport Conditioning',16),
(90,'Badminton',17),
(91,'Badminton - Family',17),
(92,'Badminton - Adult',17),
(93,'Badminton - Doubles',17),
(94,'Badminton - Singles',17),
(95,'Badminton 16+',17),
(96,'Badminton : Family - Parent With Child',17),
(97,'Badminton Doubles - Adult',17),
(98,'Badminton Doubles - All Ages',17),
(99,'Basketball',18),
(100,'Basketball - Adult',18),
(101,'Basketball - Family Parent With Child',18),
(102,'Basketball - Child',18),
(103,'Basketball 12+',18),
(104,'Basketball 16+',18),
(105,'Basketball - Youth',18),
(106,'Curling - Sheet A',19),
(107,'Curling - Sheet B',19),
(108,'Curling - Sheet C',19),
(109,'Curling - Sheet D',19),
(110,'Curling - Sheet E',19),
(111,'Curling - Sheet F',19),
(112,'Curling - Sheet G',19),
(113,'Curling - Sheet H',19),
(114,'Curling - Sheet I',19),
(115,'Curling - Sheet J',19),
(116,'Pick Up Hockey 18+',20),
(117,'Pick Up hockey - 35+',20),
(118,'Pick Up hockey 35+',20),
(119,'Pick Up hockey 50+',20),
(120,'Pick-Up hockey 18+',20),
(121,'Pickup Hockey - 18+',20),
(122,'Stick and Puck - Preschool',20),
(123,'Indoor Ball Hockey - Child',20),
(124,'Stick and Puck - Preschool (3 to 5 Years)',20),
(125,'Pickleball',21),
(126,'Pickleball - Adult',21),
(127,'Pickleball 16+',21),
(128,'Pickleball 50+',21),
(129,'Pickleball Intermediate',21),
(130,'Pickleball Intermediate 16+',21),
(131,'Rockwall',22),
(132,'Rockwall 5+',22),
(133,'Shinny - Child',23),
(134,'Child-Shinny',23),
(135,'Shinny - Youth',23),
(136,'Youth Shinny',23),
(137,'Child Shinny',23),
(138,'Shinny Child (6 to 12 Years)',23),
(139,'Shinny - Youth (13 to 17 Years)',23),
(140,'Shinny - Child (6 to 12 years)',23),
(141,'Squash - Court 1',24),
(142,'Squash - Court 2',24),
(143,'Squash - Court 3',24),
(144,'Squash - Court 4',24),
(145,'Squash - Court 5',24),
(146,'Squash - Court 7',24),
(147,'Squash - Court 9',24),
(148,'Soccer - Child',25),
(149,'Soccer - Child (English Instruction)',25),
(150,'Soccer - Child (French Instruction)',25),
(151,'Soccer - Preschool (English Instruction)',25),
(152,'Soccer - Preschool (French Instruction)',25),
(153,'Soccer - Youth',25),
(154,'Volleyball',26),
(155,'Volleyball - Adult',26),
(156,'Volleyball 16+',26),
(157,'Racquetball - Court 4',27),
(158,'Racquetball - Court 6',27),
(159,'Racquetball - Court 8',27),
(160,'Table Tennis',28),
(161,'Table Tennis - Adult',28),
(162,'Dodgeball - Child',29),
(163,'Dodgeball',29),
(164,'Figure Skating',30),
(165,'50+ Skating',31),
(166,'Adult Skate',32),
(167,'Adult Skating',32),
(168,'Family Skating',33),
(169,'Family Skate',33),
(170,'Public Skate',34),
(171,'Public Skating',34),
(172,'Speed Skating',35),
(173,'Indoor Skateboarding',36),
(174,'Rollerskating',47),
(175,'Basketball - Family',18),
(176,'Pickleball - 16+',21),
(177,'Indoor Skateboarding - Women and Girls',36),
(178,'Pickeball - 16+', 21),
(179,'Cardio & Strength',10),
(180,'Aquafit General Deep',8),
(181,'Aquafit General Shallow',8),
(182,'Aquafit Lite Main Pool',8),
(183,'Hockey - 50+',20),
(184,'Hockey - Child',20),
(185,'Hockey - Adult',20),
(186,'Hockey - Family',20),
(187,'Hockey - Youth',20),
(188,'Hockey - Women',20),
(189,'Ringette - Child',49),
(190,'Ringette - Adult',49),
(191,'Ringette - Youth',49),
(192,'Soccer - Adult',25);
UNLOCK TABLES;

--
-- Dumping data for table `facility_activity`
--

LOCK TABLES `facility_activity` WRITE;
INSERT INTO `facility_activity` (`FACILITY_ID`, `ACTIVITY_ID`)
VALUES
(1,168),
(1,171),
(2,1),
(2,9),
(2,12),
(2,27),
(2,29),
(2,31),
(2,32),
(2,46),
(2,49),
(2,50),
(2,53),
(2,55),
(2,65),
(2,69),
(2,80),
(2,86),
(2,141),
(2,142),
(2,143),
(2,145),
(2,146),
(2,147),
(2,157),
(2,158),
(2,159),
(2,165),
(2,168),
(2,171),
(3,1),
(3,8),
(3,33),
(3,35),
(3,169),
(3,170),
(4,1),
(4,8),
(4,40),
(4,100),
(4,160),
(4,166),
(4,168),
(4,171),
(5,1),
(5,8),
(5,15),
(5,18),
(5,22),
(5,37),
(5,49),
(5,50),
(5,53),
(5,55),
(5,56),
(5,58),
(5,61),
(5,62),
(5,63),
(5,65),
(5,66),
(5,80),
(5,81),
(5,86),
(5,88),
(5,93),
(5,94),
(5,100),
(5,118),
(5,125),
(5,155),
(5,165),
(5,167),
(5,168),
(5,171),
(6,1),
(6,38),
(7,1),
(7,8),
(7,22),
(8,170),
(9,74),
(9,75),
(9,77),
(9,79),
(9,91),
(9,92),
(9,126),
(10,1),
(10,6),
(10,8),
(10,16),
(10,18),
(10,28),
(10,30),
(10,50),
(10,55),
(10,58),
(10,59),
(10,65),
(10,67),
(10,69),
(10,71),
(10,86),
(10,87),
(10,95),
(10,96),
(10,101),
(10,103),
(10,104),
(10,127),
(10,128),
(10,130),
(10,132),
(10,156),
(11,124),
(11,136),
(11,138),
(11,168),
(11,171),
(12,46),
(12,47),
(12,48),
(12,49),
(12,50),
(12,53),
(12,54),
(12,55),
(12,56),
(12,57),
(12,65),
(12,69),
(12,70),
(12,73),
(12,76),
(12,79),
(12,80),
(12,81),
(12,88),
(12,92),
(12,100),
(12,125),
(13,79),
(13,90),
(13,125),
(14,168),
(14,171),
(15,47),
(15,50),
(15,78),
(15,79),
(15,80),
(15,90),
(15,91),
(15,100),
(15,125),
(15,129),
(15,154),
(16,164),
(16,165),
(16,167),
(16,168),
(16,171),
(17,1),
(17,8),
(17,18),
(17,20),
(17,21),
(17,24),
(17,25),
(17,26),
(17,41),
(17,44),
(18,168),
(18,171),
(19,1),
(19,8),
(19,17),
(19,18),
(19,51),
(19,179),
(20,116),
(20,117),
(20,168),
(20,171),
(21,74),
(21,173),
(21,174),
(22,134),
(22,168),
(22,171),
(23,139),
(23,140),
(23,165),
(23,168),
(23,171),
(24,1),
(24,8),
(24,22),
(24,23),
(25,165),
(25,168),
(25,171),
(26,164),
(26,168),
(26,171),
(27,1),
(27,3),
(27,8),
(27,14),
(27,18),
(27,39),
(27,47),
(27,50),
(27,53),
(27,55),
(27,56),
(27,65),
(27,68),
(27,79),
(27,80),
(27,90),
(27,100),
(27,125),
(27,155),
(27,168),
(27,171),
(28,140),
(28,168),
(28,171),
(29,2),
(29,5),
(29,7),
(29,10),
(29,11),
(29,19),
(29,34),
(29,36),
(29,43),
(29,44),
(29,47),
(29,50),
(29,53),
(29,55),
(29,65),
(29,69),
(29,80),
(29,88),
(29,90),
(29,99),
(29,106),
(29,107),
(29,108),
(29,109),
(29,110),
(29,111),
(29,112),
(29,113),
(29,114),
(29,115),
(29,120),
(29,125),
(29,141),
(29,142),
(29,143),
(29,144),
(29,160),
(29,168),
(29,171),
(30,1),
(30,8),
(30,29),
(30,32),
(30,44),
(30,49),
(30,50),
(30,65),
(30,69),
(30,80),
(30,81),
(30,84),
(30,116),
(30,167),
(30,168),
(30,171),
(31,1),
(31,3),
(31,8),
(31,13),
(31,29),
(31,32),
(31,50),
(31,55),
(31,80),
(31,83),
(32,171),
(33,1),
(33,8),
(33,17),
(33,18),
(33,29),
(33,32),
(33,45),
(33,50),
(33,53),
(33,55),
(33,57),
(33,58),
(33,60),
(33,63),
(33,65),
(33,69),
(33,72),
(33,80),
(33,82),
(33,86),
(33,89),
(33,116),
(33,168),
(33,171),
(34,1),
(34,8),
(34,13),
(34,18),
(34,28),
(34,30),
(34,48),
(34,50),
(34,53),
(34,55),
(34,56),
(34,57),
(34,65),
(34,69),
(34,70),
(34,74),
(34,75),
(34,77),
(34,79),
(34,80),
(34,84),
(34,86),
(34,91),
(34,97),
(34,98),
(34,100),
(34,126),
(34,131),
(34,155),
(34,161),
(35,140),
(35,168),
(35,171),
(36,64),
(36,76),
(36,79),
(36,92),
(36,100),
(36,102),
(36,105),
(36,123),
(36,125),
(36,148),
(36,153),
(36,162),
(37,139),
(37,140),
(37,164),
(37,168),
(37,171),
(38,54),
(38,149),
(38,150),
(38,151),
(38,152),
(38,160),
(39,1),
(39,8),
(39,21),
(39,29),
(39,32),
(39,85),
(40,1),
(40,8),
(40,17),
(40,33),
(40,35),
(41,1),
(41,8),
(41,34),
(41,36),
(41,41),
(41,48),
(41,49),
(41,55),
(41,59),
(41,65),
(41,69),
(41,74),
(41,86),
(41,91),
(41,92),
(41,100),
(41,105),
(41,121),
(41,167),
(41,168),
(41,171),
(42,120),
(42,168),
(42,171),
(43,120),
(43,168),
(43,171),
(43,172),
(44,116),
(44,119),
(44,168),
(44,171),
(45,1),
(45,4),
(45,8),
(45,29),
(45,32),
(45,180),
(45,181),
(45,182),
(45,42),
(45,50),
(45,55),
(45,56),
(45,65),
(45,80),
(45,171),
(46,175),
(46,153),
(46,105),
(46,79),
(47,168),
(47,171),
(48,127),
(49,126),
(49,178),
(49,92),
(49,105),
(50,183),
(50,184),
(50,185),
(50,186),
(50,187),
(50,188),
(50,189),
(50,190),
(50,191),
(50,171),
(51,192),
(51,90),
(51,125),
(51,100);
UNLOCK TABLES;